,Coordinates
0,"(32.898902, -96.409765)"
1,"(32.893604, -95.784382)"
2,"(36.30744840000002, -100.10282659999997)"
3,"(36.06221020000002, -100.10282659999997)"
4,"(35.816972000000014, -101.08377939999998)"
5,"(35.816972000000014, -100.83854119999998)"
6,"(35.816972000000014, -100.59330299999998)"
7,"(35.57173380000001, -101.08377939999998)"
8,"(35.57173380000001, -100.83854119999998)"
9,"(35.57173380000001, -100.59330299999998)"
10,"(35.57173380000001, -100.34806479999997)"
11,"(35.57173380000001, -100.10282659999997)"
12,"(35.32649560000001, -102.8004468)"
13,"(35.32649560000001, -102.5552086)"
14,"(35.32649560000001, -102.3099704)"
15,"(35.32649560000001, -102.0647322)"
16,"(35.32649560000001, -101.81949399999999)"
17,"(35.32649560000001, -101.57425579999999)"
18,"(35.32649560000001, -101.32901759999999)"
19,"(35.32649560000001, -101.08377939999998)"
20,"(35.32649560000001, -100.83854119999998)"
21,"(35.32649560000001, -100.59330299999998)"
22,"(35.32649560000001, -100.34806479999997)"
23,"(35.32649560000001, -100.10282659999997)"
24,"(35.081257400000005, -102.8004468)"
25,"(35.081257400000005, -102.5552086)"
26,"(35.081257400000005, -102.3099704)"
27,"(35.081257400000005, -102.0647322)"
28,"(35.081257400000005, -101.81949399999999)"
29,"(35.081257400000005, -101.57425579999999)"
30,"(35.081257400000005, -101.32901759999999)"
31,"(35.081257400000005, -101.08377939999998)"
32,"(35.081257400000005, -100.83854119999998)"
33,"(35.081257400000005, -100.59330299999998)"
34,"(35.081257400000005, -100.34806479999997)"
35,"(35.081257400000005, -100.10282659999997)"
36,"(34.8360192, -103.045685)"
37,"(34.8360192, -102.8004468)"
38,"(34.8360192, -102.5552086)"
39,"(34.8360192, -102.3099704)"
40,"(34.8360192, -102.0647322)"
41,"(34.8360192, -101.81949399999999)"
42,"(34.8360192, -101.57425579999999)"
43,"(34.8360192, -101.32901759999999)"
44,"(34.8360192, -101.08377939999998)"
45,"(34.8360192, -100.83854119999998)"
46,"(34.8360192, -100.59330299999998)"
47,"(34.8360192, -100.34806479999997)"
48,"(34.8360192, -100.10282659999997)"
49,"(34.590781, -103.045685)"
50,"(34.590781, -102.8004468)"
51,"(34.590781, -102.5552086)"
52,"(34.590781, -102.3099704)"
53,"(34.590781, -102.0647322)"
54,"(34.590781, -101.81949399999999)"
55,"(34.590781, -101.57425579999999)"
56,"(34.590781, -101.32901759999999)"
57,"(34.590781, -101.08377939999998)"
58,"(34.590781, -100.83854119999998)"
59,"(34.590781, -100.59330299999998)"
60,"(34.590781, -100.34806479999997)"
61,"(34.590781, -100.10282659999997)"
62,"(34.45400800000003, -99.85758839999997)"
63,"(34.45400800000003, -99.61235019999997)"
64,"(34.45400800000003, -99.36711199999996)"
65,"(34.45400800000003, -98.63139739999995)"
66,"(34.45400800000003, -98.38615919999995)"
67,"(34.45400800000003, -98.14092099999995)"
68,"(34.45400800000003, -97.89568279999995)"
69,"(34.45400800000003, -97.65044459999994)"
70,"(34.45400800000003, -102.8004468)"
71,"(34.45400800000003, -102.5552086)"
72,"(34.45400800000003, -102.3099704)"
73,"(34.45400800000003, -102.0647322)"
74,"(34.45400800000003, -101.81949399999999)"
75,"(34.45400800000003, -101.57425579999999)"
76,"(34.45400800000003, -101.32901759999999)"
77,"(34.45400800000003, -101.08377939999998)"
78,"(34.45400800000003, -100.83854119999998)"
79,"(34.45400800000003, -100.59330299999998)"
80,"(34.45400800000003, -100.34806479999997)"
81,"(34.45400800000003, -100.10282659999997)"
82,"(34.20876980000003, -99.85758839999997)"
83,"(34.20876980000003, -99.61235019999997)"
84,"(34.20876980000003, -99.36711199999996)"
85,"(34.20876980000003, -99.12187379999996)"
86,"(34.20876980000003, -98.87663559999996)"
87,"(34.20876980000003, -103.045685)"
88,"(34.20876980000003, -101.81949399999999)"
89,"(34.20876980000003, -101.57425579999999)"
90,"(34.20876980000003, -101.32901759999999)"
91,"(34.20876980000003, -101.08377939999998)"
92,"(34.20876980000003, -100.83854119999998)"
93,"(34.20876980000003, -100.59330299999998)"
94,"(34.20876980000003, -100.34806479999997)"
95,"(34.20876980000003, -100.10282659999997)"
96,"(33.963531600000024, -99.85758839999997)"
97,"(33.963531600000024, -99.61235019999997)"
98,"(33.963531600000024, -99.36711199999996)"
99,"(33.963531600000024, -99.12187379999996)"
100,"(33.963531600000024, -98.87663559999996)"
101,"(33.963531600000024, -98.63139739999995)"
102,"(33.963531600000024, -98.38615919999995)"
103,"(33.963531600000024, -98.14092099999995)"
104,"(33.963531600000024, -97.65044459999994)"
105,"(33.963531600000024, -96.91472999999993)"
106,"(33.963531600000024, -95.93377719999992)"
107,"(33.963531600000024, -95.19806259999991)"
108,"(33.963531600000024, -101.81949399999999)"
109,"(33.963531600000024, -101.57425579999999)"
110,"(33.963531600000024, -101.32901759999999)"
111,"(33.963531600000024, -101.08377939999998)"
112,"(33.963531600000024, -100.83854119999998)"
113,"(33.963531600000024, -100.59330299999998)"
114,"(33.963531600000024, -100.34806479999997)"
115,"(33.963531600000024, -100.10282659999997)"
116,"(33.71829340000002, -99.85758839999997)"
117,"(33.71829340000002, -99.61235019999997)"
118,"(33.71829340000002, -99.36711199999996)"
119,"(33.71829340000002, -99.12187379999996)"
120,"(33.71829340000002, -98.87663559999996)"
121,"(33.71829340000002, -98.63139739999995)"
122,"(33.71829340000002, -98.38615919999995)"
123,"(33.71829340000002, -98.14092099999995)"
124,"(33.71829340000002, -97.89568279999995)"
125,"(33.71829340000002, -97.65044459999994)"
126,"(33.71829340000002, -97.40520639999994)"
127,"(33.71829340000002, -97.15996819999994)"
128,"(33.71829340000002, -96.91472999999993)"
129,"(33.71829340000002, -96.66949179999993)"
130,"(33.71829340000002, -96.42425359999993)"
131,"(33.71829340000002, -96.17901539999993)"
132,"(33.71829340000002, -95.93377719999992)"
133,"(33.71829340000002, -95.68853899999992)"
134,"(33.71829340000002, -95.44330079999992)"
135,"(33.71829340000002, -95.19806259999991)"
136,"(33.71829340000002, -94.95282439999991)"
137,"(33.71829340000002, -101.57425579999999)"
138,"(33.71829340000002, -101.32901759999999)"
139,"(33.71829340000002, -101.08377939999998)"
140,"(33.71829340000002, -100.83854119999998)"
141,"(33.71829340000002, -100.59330299999998)"
142,"(33.71829340000002, -100.34806479999997)"
143,"(33.71829340000002, -100.10282659999997)"
144,"(33.47305520000002, -99.85758839999997)"
145,"(33.47305520000002, -99.61235019999997)"
146,"(33.47305520000002, -99.36711199999996)"
147,"(33.47305520000002, -99.12187379999996)"
148,"(33.47305520000002, -98.87663559999996)"
149,"(33.47305520000002, -98.63139739999995)"
150,"(33.47305520000002, -98.38615919999995)"
151,"(33.47305520000002, -98.14092099999995)"
152,"(33.47305520000002, -97.89568279999995)"
153,"(33.47305520000002, -97.65044459999994)"
154,"(33.47305520000002, -97.40520639999994)"
155,"(33.47305520000002, -97.15996819999994)"
156,"(33.47305520000002, -96.91472999999993)"
157,"(33.47305520000002, -96.66949179999993)"
158,"(33.47305520000002, -96.42425359999993)"
159,"(33.47305520000002, -96.17901539999993)"
160,"(33.47305520000002, -95.93377719999992)"
161,"(33.47305520000002, -95.68853899999992)"
162,"(33.47305520000002, -95.44330079999992)"
163,"(33.47305520000002, -95.19806259999991)"
164,"(33.47305520000002, -94.95282439999991)"
165,"(33.47305520000002, -101.32901759999999)"
166,"(33.47305520000002, -101.08377939999998)"
167,"(33.47305520000002, -100.83854119999998)"
168,"(33.47305520000002, -100.59330299999998)"
169,"(33.47305520000002, -100.34806479999997)"
170,"(33.47305520000002, -100.10282659999997)"
171,"(33.227817000000016, -99.85758839999997)"
172,"(33.227817000000016, -99.61235019999997)"
173,"(33.227817000000016, -99.36711199999996)"
174,"(33.227817000000016, -99.12187379999996)"
175,"(33.227817000000016, -98.87663559999996)"
176,"(33.227817000000016, -98.63139739999995)"
177,"(33.227817000000016, -98.38615919999995)"
178,"(33.227817000000016, -98.14092099999995)"
179,"(33.227817000000016, -97.89568279999995)"
180,"(33.227817000000016, -97.65044459999994)"
181,"(33.227817000000016, -97.40520639999994)"
182,"(33.227817000000016, -97.15996819999994)"
183,"(33.227817000000016, -96.91472999999993)"
184,"(33.227817000000016, -96.66949179999993)"
185,"(33.227817000000016, -96.42425359999993)"
186,"(33.227817000000016, -96.17901539999993)"
187,"(33.227817000000016, -95.93377719999992)"
188,"(33.227817000000016, -95.68853899999992)"
189,"(33.227817000000016, -95.44330079999992)"
190,"(33.227817000000016, -95.19806259999991)"
191,"(33.227817000000016, -94.95282439999991)"
192,"(33.227817000000016, -101.81949399999999)"
193,"(33.227817000000016, -101.57425579999999)"
194,"(33.227817000000016, -101.32901759999999)"
195,"(33.227817000000016, -101.08377939999998)"
196,"(33.227817000000016, -100.83854119999998)"
197,"(33.227817000000016, -100.59330299999998)"
198,"(33.227817000000016, -100.34806479999997)"
199,"(33.227817000000016, -100.10282659999997)"
200,"(32.98257880000001, -99.85758839999997)"
201,"(32.98257880000001, -99.61235019999997)"
202,"(32.98257880000001, -99.36711199999996)"
203,"(32.98257880000001, -99.12187379999996)"
204,"(32.98257880000001, -98.87663559999996)"
205,"(32.98257880000001, -98.63139739999995)"
206,"(32.98257880000001, -98.38615919999995)"
207,"(32.98257880000001, -98.14092099999995)"
208,"(32.98257880000001, -97.89568279999995)"
209,"(32.98257880000001, -97.65044459999994)"
210,"(32.98257880000001, -97.40520639999994)"
211,"(32.98257880000001, -97.15996819999994)"
212,"(32.98257880000001, -96.91472999999993)"
213,"(32.98257880000001, -96.66949179999993)"
214,"(32.98257880000001, -96.42425359999993)"
215,"(32.98257880000001, -96.17901539999993)"
216,"(32.98257880000001, -95.93377719999992)"
217,"(32.98257880000001, -95.68853899999992)"
218,"(32.98257880000001, -95.44330079999992)"
219,"(32.98257880000001, -95.19806259999991)"
220,"(32.98257880000001, -102.0647322)"
221,"(32.98257880000001, -101.81949399999999)"
222,"(32.98257880000001, -101.57425579999999)"
223,"(32.98257880000001, -101.32901759999999)"
224,"(32.98257880000001, -101.08377939999998)"
225,"(32.98257880000001, -100.83854119999998)"
226,"(32.98257880000001, -100.59330299999998)"
227,"(32.98257880000001, -100.34806479999997)"
228,"(32.98257880000001, -100.10282659999997)"
229,"(32.73734060000001, -99.85758839999997)"
230,"(32.73734060000001, -99.61235019999997)"
231,"(32.73734060000001, -99.36711199999996)"
232,"(32.73734060000001, -99.12187379999996)"
233,"(32.73734060000001, -98.87663559999996)"
234,"(32.73734060000001, -98.63139739999995)"
235,"(32.73734060000001, -98.38615919999995)"
236,"(32.73734060000001, -98.14092099999995)"
237,"(32.73734060000001, -97.89568279999995)"
238,"(32.73734060000001, -97.65044459999994)"
239,"(32.73734060000001, -97.40520639999994)"
240,"(32.73734060000001, -97.15996819999994)"
241,"(32.73734060000001, -96.91472999999993)"
242,"(32.73734060000001, -96.66949179999993)"
243,"(32.73734060000001, -96.42425359999993)"
244,"(32.73734060000001, -96.17901539999993)"
245,"(32.73734060000001, -95.93377719999992)"
246,"(32.73734060000001, -95.68853899999992)"
247,"(32.73734060000001, -95.44330079999992)"
248,"(32.73734060000001, -95.19806259999991)"
249,"(32.73734060000001, -102.0647322)"
250,"(32.73734060000001, -101.81949399999999)"
251,"(32.73734060000001, -101.57425579999999)"
252,"(32.73734060000001, -101.32901759999999)"
253,"(32.73734060000001, -101.08377939999998)"
254,"(32.73734060000001, -100.83854119999998)"
255,"(32.73734060000001, -100.59330299999998)"
256,"(32.73734060000001, -100.34806479999997)"
257,"(32.73734060000001, -100.10282659999997)"
258,"(32.49210240000001, -99.85758839999997)"
259,"(32.49210240000001, -99.61235019999997)"
260,"(32.49210240000001, -99.36711199999996)"
261,"(32.49210240000001, -99.12187379999996)"
262,"(32.49210240000001, -98.87663559999996)"
263,"(32.49210240000001, -98.63139739999995)"
264,"(32.49210240000001, -98.38615919999995)"
265,"(32.49210240000001, -98.14092099999995)"
266,"(32.49210240000001, -97.89568279999995)"
267,"(32.49210240000001, -97.65044459999994)"
268,"(32.49210240000001, -97.40520639999994)"
269,"(32.49210240000001, -97.15996819999994)"
270,"(32.49210240000001, -96.91472999999993)"
271,"(32.49210240000001, -96.66949179999993)"
272,"(32.49210240000001, -96.42425359999993)"
273,"(32.49210240000001, -96.17901539999993)"
274,"(32.49210240000001, -95.93377719999992)"
275,"(32.49210240000001, -95.68853899999992)"
276,"(32.49210240000001, -95.44330079999992)"
277,"(32.49210240000001, -95.19806259999991)"
278,"(32.49210240000001, -102.5552086)"
279,"(32.49210240000001, -102.3099704)"
280,"(32.49210240000001, -102.0647322)"
281,"(32.49210240000001, -101.81949399999999)"
282,"(32.49210240000001, -101.57425579999999)"
283,"(32.49210240000001, -101.32901759999999)"
284,"(32.49210240000001, -101.08377939999998)"
285,"(32.49210240000001, -100.83854119999998)"
286,"(32.49210240000001, -100.59330299999998)"
287,"(32.49210240000001, -100.34806479999997)"
288,"(32.49210240000001, -100.10282659999997)"
289,"(32.246864200000005, -99.85758839999997)"
290,"(32.246864200000005, -99.61235019999997)"
291,"(32.246864200000005, -99.36711199999996)"
292,"(32.246864200000005, -99.12187379999996)"
293,"(32.246864200000005, -98.87663559999996)"
294,"(32.246864200000005, -98.63139739999995)"
295,"(32.246864200000005, -98.38615919999995)"
296,"(32.246864200000005, -98.14092099999995)"
297,"(32.246864200000005, -97.89568279999995)"
298,"(32.246864200000005, -97.65044459999994)"
299,"(32.246864200000005, -97.40520639999994)"
300,"(32.246864200000005, -97.15996819999994)"
301,"(32.246864200000005, -96.91472999999993)"
302,"(32.246864200000005, -96.66949179999993)"
303,"(32.246864200000005, -96.42425359999993)"
304,"(32.246864200000005, -96.17901539999993)"
305,"(32.246864200000005, -95.93377719999992)"
306,"(32.246864200000005, -95.68853899999992)"
307,"(32.246864200000005, -95.44330079999992)"
308,"(32.246864200000005, -95.19806259999991)"
309,"(32.246864200000005, -94.95282439999991)"
310,"(32.246864200000005, -94.70758619999991)"
311,"(32.246864200000005, -94.4623479999999)"
312,"(32.246864200000005, -102.8004468)"
313,"(32.246864200000005, -102.5552086)"
314,"(32.246864200000005, -102.3099704)"
315,"(32.246864200000005, -102.0647322)"
316,"(32.246864200000005, -101.81949399999999)"
317,"(32.246864200000005, -101.57425579999999)"
318,"(32.246864200000005, -101.32901759999999)"
319,"(32.246864200000005, -101.08377939999998)"
320,"(32.246864200000005, -100.83854119999998)"
321,"(32.246864200000005, -100.59330299999998)"
322,"(32.246864200000005, -100.34806479999997)"
323,"(32.246864200000005, -100.10282659999997)"
324,"(32.001626, -99.85758839999997)"
325,"(32.001626, -99.61235019999997)"
326,"(32.001626, -99.36711199999996)"
327,"(32.001626, -99.12187379999996)"
328,"(32.001626, -98.87663559999996)"
329,"(32.001626, -98.63139739999995)"
330,"(32.001626, -98.38615919999995)"
331,"(32.001626, -98.14092099999995)"
332,"(32.001626, -97.89568279999995)"
333,"(32.001626, -97.65044459999994)"
334,"(32.001626, -97.40520639999994)"
335,"(32.001626, -97.15996819999994)"
336,"(32.001626, -96.91472999999993)"
337,"(32.001626, -96.66949179999993)"
338,"(32.001626, -96.42425359999993)"
339,"(32.001626, -96.17901539999993)"
340,"(32.001626, -95.93377719999992)"
341,"(32.001626, -95.68853899999992)"
342,"(32.001626, -95.44330079999992)"
343,"(32.001626, -95.19806259999991)"
344,"(32.001626, -94.95282439999991)"
345,"(32.001626, -94.70758619999991)"
346,"(32.001626, -103.045685)"
347,"(32.001626, -102.8004468)"
348,"(32.001626, -102.5552086)"
349,"(32.001626, -102.3099704)"
350,"(32.001626, -102.0647322)"
351,"(32.001626, -101.81949399999999)"
352,"(32.001626, -101.57425579999999)"
353,"(32.001626, -101.32901759999999)"
354,"(32.001626, -101.08377939999998)"
355,"(32.001626, -100.83854119999998)"
356,"(32.001626, -100.59330299999998)"
357,"(32.001626, -100.34806479999997)"
358,"(32.001626, -100.10282659999997)"
359,"(31.91879339999999, -99.78234039999992)"
360,"(31.91879339999999, -99.53710219999992)"
361,"(31.91879339999999, -99.29186399999992)"
362,"(31.91879339999999, -99.04662579999992)"
363,"(31.91879339999999, -98.80138759999991)"
364,"(31.91879339999999, -98.55614939999991)"
365,"(31.91879339999999, -98.31091119999991)"
366,"(31.91879339999999, -98.0656729999999)"
367,"(31.91879339999999, -97.8204347999999)"
368,"(31.91879339999999, -97.5751965999999)"
369,"(31.91879339999999, -97.3299583999999)"
370,"(31.91879339999999, -97.0847201999999)"
371,"(31.91879339999999, -96.83948199999989)"
372,"(31.91879339999999, -96.59424379999989)"
373,"(31.91879339999999, -96.34900559999988)"
374,"(31.91879339999999, -96.10376739999988)"
375,"(31.91879339999999, -95.85852919999988)"
376,"(31.91879339999999, -95.61329099999988)"
377,"(31.91879339999999, -95.36805279999987)"
378,"(31.91879339999999, -95.12281459999987)"
379,"(31.91879339999999, -94.87757639999987)"
380,"(31.91879339999999, -103.70615159999997)"
381,"(31.91879339999999, -103.46091339999997)"
382,"(31.91879339999999, -103.21567519999996)"
383,"(31.91879339999999, -102.97043699999996)"
384,"(31.91879339999999, -102.72519879999996)"
385,"(31.91879339999999, -102.47996059999996)"
386,"(31.91879339999999, -102.23472239999995)"
387,"(31.91879339999999, -101.98948419999995)"
388,"(31.91879339999999, -101.74424599999995)"
389,"(31.91879339999999, -101.49900779999994)"
390,"(31.91879339999999, -101.25376959999994)"
391,"(31.91879339999999, -101.00853139999994)"
392,"(31.91879339999999, -100.76329319999994)"
393,"(31.91879339999999, -100.51805499999993)"
394,"(31.91879339999999, -100.27281679999993)"
395,"(31.91879339999999, -100.02757859999993)"
396,"(31.673555199999992, -99.78234039999992)"
397,"(31.673555199999992, -99.53710219999992)"
398,"(31.673555199999992, -99.29186399999992)"
399,"(31.673555199999992, -99.04662579999992)"
400,"(31.673555199999992, -98.80138759999991)"
401,"(31.673555199999992, -98.55614939999991)"
402,"(31.673555199999992, -98.31091119999991)"
403,"(31.673555199999992, -98.0656729999999)"
404,"(31.673555199999992, -97.8204347999999)"
405,"(31.673555199999992, -97.5751965999999)"
406,"(31.673555199999992, -97.3299583999999)"
407,"(31.673555199999992, -97.0847201999999)"
408,"(31.673555199999992, -96.83948199999989)"
409,"(31.673555199999992, -96.59424379999989)"
410,"(31.673555199999992, -96.34900559999988)"
411,"(31.673555199999992, -96.10376739999988)"
412,"(31.673555199999992, -95.85852919999988)"
413,"(31.673555199999992, -95.61329099999988)"
414,"(31.673555199999992, -95.36805279999987)"
415,"(31.673555199999992, -95.12281459999987)"
416,"(31.673555199999992, -94.87757639999987)"
417,"(31.673555199999992, -94.63233819999986)"
418,"(31.673555199999992, -104.93234259999998)"
419,"(31.673555199999992, -104.68710439999998)"
420,"(31.673555199999992, -104.19662799999998)"
421,"(31.673555199999992, -103.95138979999997)"
422,"(31.673555199999992, -103.70615159999997)"
423,"(31.673555199999992, -103.46091339999997)"
424,"(31.673555199999992, -103.21567519999996)"
425,"(31.673555199999992, -102.97043699999996)"
426,"(31.673555199999992, -102.72519879999996)"
427,"(31.673555199999992, -102.47996059999996)"
428,"(31.673555199999992, -102.23472239999995)"
429,"(31.673555199999992, -101.98948419999995)"
430,"(31.673555199999992, -101.74424599999995)"
431,"(31.673555199999992, -101.49900779999994)"
432,"(31.673555199999992, -101.25376959999994)"
433,"(31.673555199999992, -101.00853139999994)"
434,"(31.673555199999992, -100.76329319999994)"
435,"(31.673555199999992, -100.51805499999993)"
436,"(31.673555199999992, -100.27281679999993)"
437,"(31.673555199999992, -100.02757859999993)"
438,"(31.428316999999993, -99.78234039999992)"
439,"(31.428316999999993, -99.53710219999992)"
440,"(31.428316999999993, -99.29186399999992)"
441,"(31.428316999999993, -99.04662579999992)"
442,"(31.428316999999993, -98.80138759999991)"
443,"(31.428316999999993, -98.55614939999991)"
444,"(31.428316999999993, -98.31091119999991)"
445,"(31.428316999999993, -98.0656729999999)"
446,"(31.428316999999993, -97.8204347999999)"
447,"(31.428316999999993, -97.5751965999999)"
448,"(31.428316999999993, -97.3299583999999)"
449,"(31.428316999999993, -97.0847201999999)"
450,"(31.428316999999993, -96.83948199999989)"
451,"(31.428316999999993, -96.59424379999989)"
452,"(31.428316999999993, -96.34900559999988)"
453,"(31.428316999999993, -96.10376739999988)"
454,"(31.428316999999993, -95.85852919999988)"
455,"(31.428316999999993, -95.61329099999988)"
456,"(31.428316999999993, -95.36805279999987)"
457,"(31.428316999999993, -95.12281459999987)"
458,"(31.428316999999993, -94.87757639999987)"
459,"(31.428316999999993, -94.63233819999986)"
460,"(31.428316999999993, -94.38709999999986)"
461,"(31.428316999999993, -104.93234259999998)"
462,"(31.428316999999993, -104.68710439999998)"
463,"(31.428316999999993, -104.44186619999998)"
464,"(31.428316999999993, -104.19662799999998)"
465,"(31.428316999999993, -103.95138979999997)"
466,"(31.428316999999993, -103.70615159999997)"
467,"(31.428316999999993, -103.46091339999997)"
468,"(31.428316999999993, -103.21567519999996)"
469,"(31.428316999999993, -102.97043699999996)"
470,"(31.428316999999993, -102.72519879999996)"
471,"(31.428316999999993, -102.47996059999996)"
472,"(31.428316999999993, -102.23472239999995)"
473,"(31.428316999999993, -101.98948419999995)"
474,"(31.428316999999993, -101.74424599999995)"
475,"(31.428316999999993, -101.49900779999994)"
476,"(31.428316999999993, -101.25376959999994)"
477,"(31.428316999999993, -101.00853139999994)"
478,"(31.428316999999993, -100.76329319999994)"
479,"(31.428316999999993, -100.51805499999993)"
480,"(31.428316999999993, -100.27281679999993)"
481,"(31.428316999999993, -100.02757859999993)"
482,"(31.183078799999993, -99.78234039999992)"
483,"(31.183078799999993, -99.53710219999992)"
484,"(31.183078799999993, -99.29186399999992)"
485,"(31.183078799999993, -99.04662579999992)"
486,"(31.183078799999993, -98.80138759999991)"
487,"(31.183078799999993, -98.55614939999991)"
488,"(31.183078799999993, -98.31091119999991)"
489,"(31.183078799999993, -98.0656729999999)"
490,"(31.183078799999993, -97.8204347999999)"
491,"(31.183078799999993, -97.5751965999999)"
492,"(31.183078799999993, -97.3299583999999)"
493,"(31.183078799999993, -97.0847201999999)"
494,"(31.183078799999993, -96.83948199999989)"
495,"(31.183078799999993, -96.59424379999989)"
496,"(31.183078799999993, -96.34900559999988)"
497,"(31.183078799999993, -96.10376739999988)"
498,"(31.183078799999993, -95.85852919999988)"
499,"(31.183078799999993, -95.61329099999988)"
500,"(31.183078799999993, -95.36805279999987)"
501,"(31.183078799999993, -94.87757639999987)"
502,"(31.183078799999993, -94.63233819999986)"
503,"(31.183078799999993, -94.38709999999986)"
504,"(31.183078799999993, -104.93234259999998)"
505,"(31.183078799999993, -104.68710439999998)"
506,"(31.183078799999993, -104.44186619999998)"
507,"(31.183078799999993, -104.19662799999998)"
508,"(31.183078799999993, -103.95138979999997)"
509,"(31.183078799999993, -103.70615159999997)"
510,"(31.183078799999993, -103.46091339999997)"
511,"(31.183078799999993, -103.21567519999996)"
512,"(31.183078799999993, -102.97043699999996)"
513,"(31.183078799999993, -102.72519879999996)"
514,"(31.183078799999993, -102.47996059999996)"
515,"(31.183078799999993, -102.23472239999995)"
516,"(31.183078799999993, -101.98948419999995)"
517,"(31.183078799999993, -101.74424599999995)"
518,"(31.183078799999993, -101.49900779999994)"
519,"(31.183078799999993, -101.25376959999994)"
520,"(31.183078799999993, -101.00853139999994)"
521,"(31.183078799999993, -100.76329319999994)"
522,"(31.183078799999993, -100.51805499999993)"
523,"(31.183078799999993, -100.27281679999993)"
524,"(31.183078799999993, -100.02757859999993)"
525,"(30.937840599999994, -99.78234039999992)"
526,"(30.937840599999994, -99.53710219999992)"
527,"(30.937840599999994, -99.29186399999992)"
528,"(30.937840599999994, -99.04662579999992)"
529,"(30.937840599999994, -98.80138759999991)"
530,"(30.937840599999994, -98.55614939999991)"
531,"(30.937840599999994, -98.31091119999991)"
532,"(30.937840599999994, -98.0656729999999)"
533,"(30.937840599999994, -97.8204347999999)"
534,"(30.937840599999994, -97.5751965999999)"
535,"(30.937840599999994, -97.3299583999999)"
536,"(30.937840599999994, -97.0847201999999)"
537,"(30.937840599999994, -96.83948199999989)"
538,"(30.937840599999994, -96.59424379999989)"
539,"(30.937840599999994, -96.34900559999988)"
540,"(30.937840599999994, -96.10376739999988)"
541,"(30.937840599999994, -95.85852919999988)"
542,"(30.937840599999994, -95.61329099999988)"
543,"(30.937840599999994, -104.93234259999998)"
544,"(30.937840599999994, -104.68710439999998)"
545,"(30.937840599999994, -104.44186619999998)"
546,"(30.937840599999994, -104.19662799999998)"
547,"(30.937840599999994, -103.95138979999997)"
548,"(30.937840599999994, -103.70615159999997)"
549,"(30.937840599999994, -103.46091339999997)"
550,"(30.937840599999994, -103.21567519999996)"
551,"(30.937840599999994, -102.97043699999996)"
552,"(30.937840599999994, -102.72519879999996)"
553,"(30.937840599999994, -102.47996059999996)"
554,"(30.937840599999994, -102.23472239999995)"
555,"(30.937840599999994, -101.98948419999995)"
556,"(30.937840599999994, -101.74424599999995)"
557,"(30.937840599999994, -101.49900779999994)"
558,"(30.937840599999994, -101.25376959999994)"
559,"(30.937840599999994, -101.00853139999994)"
560,"(30.937840599999994, -100.76329319999994)"
561,"(30.937840599999994, -100.51805499999993)"
562,"(30.937840599999994, -100.27281679999993)"
563,"(30.937840599999994, -100.02757859999993)"
564,"(30.692602399999995, -99.78234039999992)"
565,"(30.692602399999995, -99.53710219999992)"
566,"(30.692602399999995, -99.29186399999992)"
567,"(30.692602399999995, -99.04662579999992)"
568,"(30.692602399999995, -98.80138759999991)"
569,"(30.692602399999995, -98.55614939999991)"
570,"(30.692602399999995, -98.31091119999991)"
571,"(30.692602399999995, -98.0656729999999)"
572,"(30.692602399999995, -97.8204347999999)"
573,"(30.692602399999995, -97.5751965999999)"
574,"(30.692602399999995, -97.3299583999999)"
575,"(30.692602399999995, -97.0847201999999)"
576,"(30.692602399999995, -96.83948199999989)"
577,"(30.692602399999995, -96.59424379999989)"
578,"(30.692602399999995, -96.34900559999988)"
579,"(30.692602399999995, -96.10376739999988)"
580,"(30.692602399999995, -95.85852919999988)"
581,"(30.692602399999995, -95.61329099999988)"
582,"(30.692602399999995, -95.36805279999987)"
583,"(30.692602399999995, -105.17758079999999)"
584,"(30.692602399999995, -104.93234259999998)"
585,"(30.692602399999995, -104.68710439999998)"
586,"(30.692602399999995, -104.44186619999998)"
587,"(30.692602399999995, -104.19662799999998)"
588,"(30.692602399999995, -103.95138979999997)"
589,"(30.692602399999995, -103.70615159999997)"
590,"(30.692602399999995, -103.46091339999997)"
591,"(30.692602399999995, -103.21567519999996)"
592,"(30.692602399999995, -102.97043699999996)"
593,"(30.692602399999995, -102.72519879999996)"
594,"(30.692602399999995, -102.47996059999996)"
595,"(30.692602399999995, -102.23472239999995)"
596,"(30.692602399999995, -101.98948419999995)"
597,"(30.692602399999995, -101.74424599999995)"
598,"(30.692602399999995, -101.49900779999994)"
599,"(30.692602399999995, -101.25376959999994)"
600,"(30.692602399999995, -101.00853139999994)"
601,"(30.692602399999995, -100.76329319999994)"
602,"(30.692602399999995, -100.51805499999993)"
603,"(30.692602399999995, -100.27281679999993)"
604,"(30.692602399999995, -100.02757859999993)"
605,"(30.447364199999996, -99.78234039999992)"
606,"(30.447364199999996, -99.53710219999992)"
607,"(30.447364199999996, -99.29186399999992)"
608,"(30.447364199999996, -99.04662579999992)"
609,"(30.447364199999996, -98.80138759999991)"
610,"(30.447364199999996, -98.55614939999991)"
611,"(30.447364199999996, -98.31091119999991)"
612,"(30.447364199999996, -98.0656729999999)"
613,"(30.447364199999996, -97.8204347999999)"
614,"(30.447364199999996, -97.5751965999999)"
615,"(30.447364199999996, -97.3299583999999)"
616,"(30.447364199999996, -97.0847201999999)"
617,"(30.447364199999996, -96.83948199999989)"
618,"(30.447364199999996, -96.59424379999989)"
619,"(30.447364199999996, -96.34900559999988)"
620,"(30.447364199999996, -96.10376739999988)"
621,"(30.447364199999996, -95.85852919999988)"
622,"(30.447364199999996, -95.61329099999988)"
623,"(30.447364199999996, -95.36805279999987)"
624,"(30.447364199999996, -105.17758079999999)"
625,"(30.447364199999996, -104.93234259999998)"
626,"(30.447364199999996, -104.68710439999998)"
627,"(30.447364199999996, -104.44186619999998)"
628,"(30.447364199999996, -104.19662799999998)"
629,"(30.447364199999996, -103.95138979999997)"
630,"(30.447364199999996, -103.70615159999997)"
631,"(30.447364199999996, -103.46091339999997)"
632,"(30.447364199999996, -103.21567519999996)"
633,"(30.447364199999996, -102.97043699999996)"
634,"(30.447364199999996, -102.72519879999996)"
635,"(30.447364199999996, -102.47996059999996)"
636,"(30.447364199999996, -102.23472239999995)"
637,"(30.447364199999996, -101.98948419999995)"
638,"(30.447364199999996, -101.74424599999995)"
639,"(30.447364199999996, -101.49900779999994)"
640,"(30.447364199999996, -101.25376959999994)"
641,"(30.447364199999996, -101.00853139999994)"
642,"(30.447364199999996, -100.76329319999994)"
643,"(30.447364199999996, -100.51805499999993)"
644,"(30.447364199999996, -100.27281679999993)"
645,"(30.447364199999996, -100.02757859999993)"
646,"(30.202125999999996, -99.78234039999992)"
647,"(30.202125999999996, -99.53710219999992)"
648,"(30.202125999999996, -99.29186399999992)"
649,"(30.202125999999996, -99.04662579999992)"
650,"(30.202125999999996, -98.80138759999991)"
651,"(30.202125999999996, -98.55614939999991)"
652,"(30.202125999999996, -98.31091119999991)"
653,"(30.202125999999996, -98.0656729999999)"
654,"(30.202125999999996, -97.8204347999999)"
655,"(30.202125999999996, -97.5751965999999)"
656,"(30.202125999999996, -97.3299583999999)"
657,"(30.202125999999996, -97.0847201999999)"
658,"(30.202125999999996, -96.83948199999989)"
659,"(30.202125999999996, -96.59424379999989)"
660,"(30.202125999999996, -96.34900559999988)"
661,"(30.202125999999996, -96.10376739999988)"
662,"(30.202125999999996, -95.85852919999988)"
663,"(30.202125999999996, -95.61329099999988)"
664,"(30.202125999999996, -95.36805279999987)"
665,"(30.202125999999996, -95.12281459999987)"
666,"(30.202125999999996, -104.44186619999998)"
667,"(30.202125999999996, -104.19662799999998)"
668,"(30.202125999999996, -103.95138979999997)"
669,"(30.202125999999996, -103.70615159999997)"
670,"(30.202125999999996, -103.46091339999997)"
671,"(30.202125999999996, -103.21567519999996)"
672,"(30.202125999999996, -102.97043699999996)"
673,"(30.202125999999996, -102.72519879999996)"
674,"(30.202125999999996, -102.47996059999996)"
675,"(30.202125999999996, -102.23472239999995)"
676,"(30.202125999999996, -101.98948419999995)"
677,"(30.202125999999996, -101.74424599999995)"
678,"(30.202125999999996, -101.49900779999994)"
679,"(30.202125999999996, -101.25376959999994)"
680,"(30.202125999999996, -101.00853139999994)"
681,"(30.202125999999996, -100.76329319999994)"
682,"(30.202125999999996, -100.51805499999993)"
683,"(30.202125999999996, -100.27281679999993)"
684,"(30.202125999999996, -100.02757859999993)"
685,"(29.956887799999997, -99.78234039999992)"
686,"(29.956887799999997, -99.53710219999992)"
687,"(29.956887799999997, -99.29186399999992)"
688,"(29.956887799999997, -99.04662579999992)"
689,"(29.956887799999997, -98.80138759999991)"
690,"(29.956887799999997, -98.55614939999991)"
691,"(29.956887799999997, -98.31091119999991)"
692,"(29.956887799999997, -98.0656729999999)"
693,"(29.956887799999997, -97.8204347999999)"
694,"(29.956887799999997, -97.5751965999999)"
695,"(29.956887799999997, -97.3299583999999)"
696,"(29.956887799999997, -97.0847201999999)"
697,"(29.956887799999997, -96.83948199999989)"
698,"(29.956887799999997, -96.59424379999989)"
699,"(29.956887799999997, -96.34900559999988)"
700,"(29.956887799999997, -96.10376739999988)"
701,"(29.956887799999997, -95.85852919999988)"
702,"(29.956887799999997, -95.61329099999988)"
703,"(29.956887799999997, -95.36805279999987)"
704,"(29.956887799999997, -95.12281459999987)"
705,"(29.956887799999997, -104.19662799999998)"
706,"(29.956887799999997, -103.95138979999997)"
707,"(29.956887799999997, -103.70615159999997)"
708,"(29.956887799999997, -103.46091339999997)"
709,"(29.956887799999997, -103.21567519999996)"
710,"(29.956887799999997, -102.97043699999996)"
711,"(29.956887799999997, -102.72519879999996)"
712,"(29.956887799999997, -102.47996059999996)"
713,"(29.956887799999997, -102.23472239999995)"
714,"(29.956887799999997, -101.98948419999995)"
715,"(29.956887799999997, -101.74424599999995)"
716,"(29.956887799999997, -101.49900779999994)"
717,"(29.956887799999997, -101.25376959999994)"
718,"(29.956887799999997, -101.00853139999994)"
719,"(29.956887799999997, -100.76329319999994)"
720,"(29.956887799999997, -100.51805499999993)"
721,"(29.956887799999997, -100.27281679999993)"
722,"(29.956887799999997, -100.02757859999993)"
723,"(29.711649599999998, -99.78234039999992)"
724,"(29.711649599999998, -99.53710219999992)"
725,"(29.711649599999998, -99.29186399999992)"
726,"(29.711649599999998, -99.04662579999992)"
727,"(29.711649599999998, -98.80138759999991)"
728,"(29.711649599999998, -98.55614939999991)"
729,"(29.711649599999998, -98.31091119999991)"
730,"(29.711649599999998, -98.0656729999999)"
731,"(29.711649599999998, -97.8204347999999)"
732,"(29.711649599999998, -97.5751965999999)"
733,"(29.711649599999998, -97.3299583999999)"
734,"(29.711649599999998, -97.0847201999999)"
735,"(29.711649599999998, -96.83948199999989)"
736,"(29.711649599999998, -96.59424379999989)"
737,"(29.711649599999998, -96.34900559999988)"
738,"(29.711649599999998, -96.10376739999988)"
739,"(29.711649599999998, -95.85852919999988)"
740,"(29.711649599999998, -95.61329099999988)"
741,"(29.711649599999998, -95.36805279999987)"
742,"(29.711649599999998, -95.12281459999987)"
743,"(29.711649599999998, -94.87757639999987)"
744,"(29.711649599999998, -94.63233819999986)"
745,"(29.711649599999998, -94.38709999999986)"
746,"(29.711649599999998, -104.19662799999998)"
747,"(29.711649599999998, -103.95138979999997)"
748,"(29.711649599999998, -103.70615159999997)"
749,"(29.711649599999998, -103.46091339999997)"
750,"(29.711649599999998, -103.21567519999996)"
751,"(29.711649599999998, -102.97043699999996)"
752,"(29.711649599999998, -102.72519879999996)"
753,"(29.711649599999998, -102.47996059999996)"
754,"(29.711649599999998, -102.23472239999995)"
755,"(29.711649599999998, -101.98948419999995)"
756,"(29.711649599999998, -101.74424599999995)"
757,"(29.711649599999998, -101.49900779999994)"
758,"(29.711649599999998, -101.25376959999994)"
759,"(29.711649599999998, -101.00853139999994)"
760,"(29.711649599999998, -100.76329319999994)"
761,"(29.711649599999998, -100.51805499999993)"
762,"(29.711649599999998, -100.27281679999993)"
763,"(29.711649599999998, -100.02757859999993)"
764,"(29.4664114, -99.78234039999992)"
765,"(29.4664114, -99.53710219999992)"
766,"(29.4664114, -99.29186399999992)"
767,"(29.4664114, -99.04662579999992)"
768,"(29.4664114, -98.80138759999991)"
769,"(29.4664114, -98.55614939999991)"
770,"(29.4664114, -98.31091119999991)"
771,"(29.4664114, -98.0656729999999)"
772,"(29.4664114, -97.8204347999999)"
773,"(29.4664114, -97.5751965999999)"
774,"(29.4664114, -97.3299583999999)"
775,"(29.4664114, -97.0847201999999)"
776,"(29.4664114, -96.83948199999989)"
777,"(29.4664114, -96.59424379999989)"
778,"(29.4664114, -96.34900559999988)"
779,"(29.4664114, -96.10376739999988)"
780,"(29.4664114, -95.85852919999988)"
781,"(29.4664114, -95.61329099999988)"
782,"(29.4664114, -95.36805279999987)"
783,"(29.4664114, -95.12281459999987)"
784,"(29.4664114, -94.87757639999987)"
785,"(29.4664114, -94.63233819999986)"
786,"(29.4664114, -94.38709999999986)"
787,"(29.4664114, -94.14186179999986)"
788,"(29.4664114, -104.19662799999998)"
789,"(29.4664114, -103.95138979999997)"
790,"(29.4664114, -103.70615159999997)"
791,"(29.4664114, -103.46091339999997)"
792,"(29.4664114, -103.21567519999996)"
793,"(29.4664114, -102.97043699999996)"
794,"(29.4664114, -102.72519879999996)"
795,"(29.4664114, -102.47996059999996)"
796,"(29.4664114, -102.23472239999995)"
797,"(29.4664114, -101.98948419999995)"
798,"(29.4664114, -101.49900779999994)"
799,"(29.4664114, -101.25376959999994)"
800,"(29.4664114, -101.00853139999994)"
801,"(29.4664114, -100.76329319999994)"
802,"(29.4664114, -100.51805499999993)"
803,"(29.4664114, -100.27281679999993)"
804,"(29.4664114, -100.02757859999993)"
805,"(29.2211732, -99.78234039999992)"
806,"(29.2211732, -99.53710219999992)"
807,"(29.2211732, -99.29186399999992)"
808,"(29.2211732, -99.04662579999992)"
809,"(29.2211732, -98.80138759999991)"
810,"(29.2211732, -98.55614939999991)"
811,"(29.2211732, -98.31091119999991)"
812,"(29.2211732, -98.0656729999999)"
813,"(29.2211732, -97.8204347999999)"
814,"(29.2211732, -97.5751965999999)"
815,"(29.2211732, -97.3299583999999)"
816,"(29.2211732, -97.0847201999999)"
817,"(29.2211732, -96.83948199999989)"
818,"(29.2211732, -96.59424379999989)"
819,"(29.2211732, -96.34900559999988)"
820,"(29.2211732, -96.10376739999988)"
821,"(29.2211732, -95.85852919999988)"
822,"(29.2211732, -95.61329099999988)"
823,"(29.2211732, -95.36805279999987)"
824,"(29.2211732, -95.12281459999987)"
825,"(29.2211732, -94.87757639999987)"
826,"(29.2211732, -94.63233819999986)"
827,"(29.2211732, -94.38709999999986)"
828,"(29.2211732, -94.14186179999986)"
829,"(29.2211732, -104.19662799999998)"
830,"(29.2211732, -103.95138979999997)"
831,"(29.2211732, -103.70615159999997)"
832,"(29.2211732, -103.46091339999997)"
833,"(29.2211732, -103.21567519999996)"
834,"(29.2211732, -102.97043699999996)"
835,"(29.2211732, -102.72519879999996)"
836,"(29.2211732, -102.47996059999996)"
837,"(29.2211732, -102.23472239999995)"
838,"(29.2211732, -101.98948419999995)"
839,"(29.2211732, -100.76329319999994)"
840,"(29.2211732, -100.51805499999993)"
841,"(29.2211732, -100.27281679999993)"
842,"(29.2211732, -100.02757859999993)"
843,"(28.975935, -99.78234039999992)"
844,"(28.975935, -99.53710219999992)"
845,"(28.975935, -99.29186399999992)"
846,"(28.975935, -99.04662579999992)"
847,"(28.975935, -98.80138759999991)"
848,"(28.975935, -98.55614939999991)"
849,"(28.975935, -98.31091119999991)"
850,"(28.975935, -98.0656729999999)"
851,"(28.975935, -97.8204347999999)"
852,"(28.975935, -97.5751965999999)"
853,"(28.975935, -97.3299583999999)"
854,"(28.975935, -97.0847201999999)"
855,"(28.975935, -96.83948199999989)"
856,"(28.975935, -96.59424379999989)"
857,"(28.975935, -96.34900559999988)"
858,"(28.975935, -96.10376739999988)"
859,"(28.975935, -95.85852919999988)"
860,"(28.975935, -95.61329099999988)"
861,"(28.975935, -95.36805279999987)"
862,"(28.975935, -95.12281459999987)"
863,"(28.975935, -94.87757639999987)"
864,"(28.975935, -94.63233819999986)"
865,"(28.975935, -94.38709999999986)"
866,"(28.975935, -94.14186179999986)"
867,"(28.975935, -93.89662359999986)"
868,"(28.975935, -104.44186619999998)"
869,"(28.975935, -104.19662799999998)"
870,"(28.975935, -103.95138979999997)"
871,"(28.975935, -103.70615159999997)"
872,"(28.975935, -102.72519879999996)"
873,"(28.975935, -102.47996059999996)"
874,"(28.975935, -102.23472239999995)"
875,"(28.975935, -100.76329319999994)"
876,"(28.975935, -100.51805499999993)"
877,"(28.975935, -100.27281679999993)"
878,"(28.975935, -100.02757859999993)"
879,"(28.79860739999999, -99.9808154)"
880,"(28.79860739999999, -99.7355772)"
881,"(28.79860739999999, -99.49033899999999)"
882,"(28.79860739999999, -99.24510079999999)"
883,"(28.79860739999999, -98.99986259999999)"
884,"(28.79860739999999, -98.75462439999998)"
885,"(28.79860739999999, -98.50938619999998)"
886,"(28.79860739999999, -98.26414799999998)"
887,"(28.79860739999999, -98.01890979999997)"
888,"(28.79860739999999, -97.77367159999997)"
889,"(28.79860739999999, -97.52843339999997)"
890,"(28.79860739999999, -97.28319519999997)"
891,"(28.79860739999999, -97.03795699999996)"
892,"(28.79860739999999, -96.79271879999996)"
893,"(28.79860739999999, -96.54748059999996)"
894,"(28.79860739999999, -96.30224239999995)"
895,"(28.79860739999999, -96.05700419999995)"
896,"(28.79860739999999, -95.81176599999995)"
897,"(28.79860739999999, -95.56652779999995)"
898,"(28.79860739999999, -95.32128959999994)"
899,"(28.79860739999999, -100.4712918)"
900,"(28.79860739999999, -100.2260536)"
901,"(28.55336919999999, -99.9808154)"
902,"(28.55336919999999, -99.7355772)"
903,"(28.55336919999999, -99.49033899999999)"
904,"(28.55336919999999, -99.24510079999999)"
905,"(28.55336919999999, -98.99986259999999)"
906,"(28.55336919999999, -98.75462439999998)"
907,"(28.55336919999999, -98.50938619999998)"
908,"(28.55336919999999, -98.26414799999998)"
909,"(28.55336919999999, -98.01890979999997)"
910,"(28.55336919999999, -97.77367159999997)"
911,"(28.55336919999999, -97.52843339999997)"
912,"(28.55336919999999, -97.28319519999997)"
913,"(28.55336919999999, -97.03795699999996)"
914,"(28.55336919999999, -96.79271879999996)"
915,"(28.55336919999999, -96.54748059999996)"
916,"(28.55336919999999, -96.30224239999995)"
917,"(28.55336919999999, -96.05700419999995)"
918,"(28.55336919999999, -95.81176599999995)"
919,"(28.55336919999999, -95.56652779999995)"
920,"(28.55336919999999, -95.32128959999994)"
921,"(28.55336919999999, -100.4712918)"
922,"(28.55336919999999, -100.2260536)"
923,"(28.308130999999992, -99.7355772)"
924,"(28.308130999999992, -99.9808154)"
925,"(28.308130999999992, -99.49033899999999)"
926,"(28.308130999999992, -99.24510079999999)"
927,"(28.308130999999992, -98.99986259999999)"
928,"(28.308130999999992, -98.75462439999998)"
929,"(28.308130999999992, -98.50938619999998)"
930,"(28.308130999999992, -98.26414799999998)"
931,"(28.308130999999992, -98.01890979999997)"
932,"(28.308130999999992, -97.77367159999997)"
933,"(28.308130999999992, -97.52843339999997)"
934,"(28.308130999999992, -97.28319519999997)"
935,"(28.308130999999992, -97.03795699999996)"
936,"(28.308130999999992, -96.79271879999996)"
937,"(28.308130999999992, -96.54748059999996)"
938,"(28.308130999999992, -96.30224239999995)"
939,"(28.308130999999992, -96.05700419999995)"
940,"(28.308130999999992, -95.81176599999995)"
941,"(28.308130999999992, -95.56652779999995)"
942,"(28.308130999999992, -95.32128959999994)"
943,"(28.308130999999992, -100.2260536)"
944,"(28.062892799999993, -99.9808154)"
945,"(28.062892799999993, -99.7355772)"
946,"(28.062892799999993, -99.49033899999999)"
947,"(28.062892799999993, -99.24510079999999)"
948,"(28.062892799999993, -98.99986259999999)"
949,"(28.062892799999993, -98.75462439999998)"
950,"(28.062892799999993, -98.50938619999998)"
951,"(28.062892799999993, -98.26414799999998)"
952,"(28.062892799999993, -98.01890979999997)"
953,"(28.062892799999993, -97.77367159999997)"
954,"(28.062892799999993, -97.52843339999997)"
955,"(28.062892799999993, -97.28319519999997)"
956,"(28.062892799999993, -97.03795699999996)"
957,"(28.062892799999993, -96.79271879999996)"
958,"(28.062892799999993, -96.54748059999996)"
959,"(28.062892799999993, -96.30224239999995)"
960,"(28.062892799999993, -96.05700419999995)"
961,"(28.062892799999993, -95.81176599999995)"
962,"(28.062892799999993, -95.56652779999995)"
963,"(28.062892799999993, -95.32128959999994)"
964,"(27.817654599999994, -99.7355772)"
965,"(27.817654599999994, -99.49033899999999)"
966,"(27.817654599999994, -99.24510079999999)"
967,"(27.817654599999994, -98.99986259999999)"
968,"(27.817654599999994, -98.75462439999998)"
969,"(27.817654599999994, -98.50938619999998)"
970,"(27.817654599999994, -98.26414799999998)"
971,"(27.817654599999994, -98.01890979999997)"
972,"(27.817654599999994, -97.77367159999997)"
973,"(27.817654599999994, -97.52843339999997)"
974,"(27.817654599999994, -97.28319519999997)"
975,"(27.817654599999994, -97.03795699999996)"
976,"(27.817654599999994, -96.79271879999996)"
977,"(27.817654599999994, -96.54748059999996)"
978,"(27.817654599999994, -96.30224239999995)"
979,"(27.817654599999994, -96.05700419999995)"
980,"(27.572416399999994, -99.49033899999999)"
981,"(27.572416399999994, -99.24510079999999)"
982,"(27.572416399999994, -98.99986259999999)"
983,"(27.572416399999994, -98.75462439999998)"
984,"(27.572416399999994, -98.50938619999998)"
985,"(27.572416399999994, -98.26414799999998)"
986,"(27.572416399999994, -98.01890979999997)"
987,"(27.572416399999994, -97.77367159999997)"
988,"(27.572416399999994, -97.52843339999997)"
989,"(27.572416399999994, -97.03795699999996)"
990,"(27.572416399999994, -97.28319519999997)"
991,"(27.572416399999994, -96.79271879999996)"
992,"(27.572416399999994, -96.54748059999996)"
993,"(27.572416399999994, -96.30224239999995)"
994,"(27.327178199999995, -99.49033899999999)"
995,"(27.327178199999995, -99.24510079999999)"
996,"(27.327178199999995, -98.99986259999999)"
997,"(27.327178199999995, -98.75462439999998)"
998,"(27.327178199999995, -98.50938619999998)"
999,"(27.327178199999995, -98.26414799999998)"
1000,"(27.327178199999995, -98.01890979999997)"
1001,"(27.327178199999995, -97.77367159999997)"
1002,"(27.327178199999995, -97.52843339999997)"
1003,"(27.327178199999995, -97.28319519999997)"
1004,"(27.327178199999995, -97.03795699999996)"
1005,"(27.327178199999995, -96.79271879999996)"
1006,"(27.327178199999995, -96.54748059999996)"
1007,"(27.081939999999996, -99.7355772)"
1008,"(27.081939999999996, -99.49033899999999)"
1009,"(27.081939999999996, -99.24510079999999)"
1010,"(27.081939999999996, -98.99986259999999)"
1011,"(27.081939999999996, -98.75462439999998)"
1012,"(27.081939999999996, -98.50938619999998)"
1013,"(27.081939999999996, -98.26414799999998)"
1014,"(27.081939999999996, -98.01890979999997)"
1015,"(27.081939999999996, -97.77367159999997)"
1016,"(27.081939999999996, -97.52843339999997)"
1017,"(27.081939999999996, -97.28319519999997)"
1018,"(27.081939999999996, -97.03795699999996)"
1019,"(27.081939999999996, -96.79271879999996)"
1020,"(26.836701799999997, -99.7355772)"
1021,"(26.836701799999997, -99.49033899999999)"
1022,"(26.836701799999997, -99.24510079999999)"
1023,"(26.836701799999997, -98.99986259999999)"
1024,"(26.836701799999997, -98.75462439999998)"
1025,"(26.836701799999997, -98.50938619999998)"
1026,"(26.836701799999997, -98.26414799999998)"
1027,"(26.836701799999997, -98.01890979999997)"
1028,"(26.836701799999997, -97.77367159999997)"
1029,"(26.836701799999997, -97.52843339999997)"
1030,"(26.836701799999997, -97.28319519999997)"
1031,"(26.836701799999997, -96.79271879999996)"
1032,"(26.836701799999997, -97.03795699999996)"
1033,"(26.591463599999997, -98.99986259999999)"
1034,"(26.591463599999997, -98.75462439999998)"
1035,"(26.591463599999997, -98.50938619999998)"
1036,"(26.591463599999997, -98.26414799999998)"
1037,"(26.591463599999997, -98.01890979999997)"
1038,"(26.591463599999997, -97.77367159999997)"
1039,"(26.591463599999997, -97.52843339999997)"
1040,"(26.591463599999997, -97.28319519999997)"
1041,"(26.591463599999997, -97.03795699999996)"
1042,"(26.591463599999997, -96.79271879999996)"
1043,"(26.591463599999997, -96.54748059999996)"
1044,"(26.346225399999998, -98.75462439999998)"
1045,"(26.346225399999998, -98.50938619999998)"
1046,"(26.346225399999998, -98.26414799999998)"
1047,"(26.346225399999998, -98.01890979999997)"
1048,"(26.346225399999998, -97.77367159999997)"
1049,"(26.346225399999998, -97.52843339999997)"
1050,"(26.346225399999998, -97.28319519999997)"
1051,"(26.346225399999998, -97.03795699999996)"
1052,"(26.346225399999998, -96.79271879999996)"
1053,"(26.346225399999998, -96.54748059999996)"
1054,"(26.1009872, -98.26414799999998)"
1055,"(26.1009872, -98.50938619999998)"
1056,"(26.1009872, -98.01890979999997)"
1057,"(26.1009872, -97.77367159999997)"
1058,"(26.1009872, -97.52843339999997)"
1059,"(26.1009872, -97.28319519999997)"
1060,"(26.1009872, -97.03795699999996)"
1061,"(26.1009872, -96.79271879999996)"
1062,"(26.1009872, -96.54748059999996)"
1063,"(25.855749, -97.28319519999997)"
1064,"(25.855749, -97.03795699999996)"
1065,"(25.855749, -96.79271879999996)"
1066,"(25.855749, -96.54748059999996)"
1067,"(32.898902, -96.409765)"
1068,"(32.893604, -95.784382)"